timestamp,markers,ids,x,y,detect_ms,src
1786883402.184,0,,,,2150.3,tcp
1786883403.670,0,,,,1476.0,tcp
1786883405.326,0,,,,1640.4,tcp
1786883406.876,1,7,,,1509.7,tcp
1786883408.719,7,0|1|3|4|5|6|7,897.4,551.0,1831.2,tcp
1786883410.922,4,0|3|4|7,48.3,-2468.7,2186.2,tcp
1786883413.240,2,5|7,,,2290.7,tcp
1786883415.367,3,4|6|7,,,2104.8,tcp
1786883417.410,3,3|4|7,,,2024.1,tcp
1786883419.239,3,0|4|7,,,1809.2,tcp
1786883421.190,3,0|4|7,,,1933.1,tcp
1786883423.006,0,,,,1796.6,tcp
1786883424.808,0,,,,1783.9,tcp
1786883426.612,2,0|4,,,1785.6,tcp
1786883428.922,4,0|3|4|7,48.0,-1942.6,2271.5,tcp
1786883431.431,4,0|1|4|7,1016.1,525.1,2484.4,tcp
1786883434.061,6,0|1|3|4|5|7,1006.9,519.6,2601.4,tcp
1786883436.270,3,1|4|6,,,2190.6,tcp
1786883438.183,4,1|3|4|7,1187.2,554.8,1880.5,tcp
1786883440.152,4,1|2|4|5,1679.7,-1422.1,1948.2,tcp
1786883442.421,3,0|4|7,,,2233.7,tcp
1786883444.764,6,1|2|4|5|6|7,776.5,640.2,2313.9,tcp
1786883446.578,0,,,,1797.4,tcp
1786883448.017,0,,,,1418.4,tcp
1786883449.260,0,,,,1231.1,tcp
1786883450.562,0,,,,1292.7,tcp
1786883452.206,0,,,,1618.4,tcp
1786883453.933,0,,,,1709.5,tcp
1786883455.519,0,,,,1564.5,tcp
1786883457.380,0,,,,1848.7,tcp
1786883458.982,0,,,,1577.1,tcp
1786883460.446,0,,,,1438.9,tcp
1786883462.270,0,,,,1812.6,tcp
1786883463.725,0,,,,1436.7,tcp
1786883464.951,0,,,,1216.5,tcp
1786883466.171,0,,,,1211.2,tcp
1786883467.259,0,,,,1079.2,tcp
1786883468.252,0,,,,984.9,tcp
1786883469.254,0,,,,996.7,tcp
1786883470.246,0,,,,983.8,tcp
1786883471.302,0,,,,1049.7,tcp
1786883472.355,0,,,,1044.4,tcp
1786883473.406,0,,,,1044.9,tcp
1786883474.449,0,,,,1035.4,tcp
1786883475.474,0,,,,1018.8,tcp
1786883476.508,0,,,,1027.9,tcp
1786883477.525,0,,,,1010.0,tcp
1786883478.559,0,,,,1026.6,tcp
1786883479.581,0,,,,1014.8,tcp
1786883480.589,0,,,,1001.6,tcp
1786883481.596,0,,,,1001.1,tcp
1786883482.633,0,,,,1028.4,tcp
1786883483.622,0,,,,982.8,tcp
1786883484.616,0,,,,987.7,tcp
1786883485.625,0,,,,1002.4,tcp
1786883486.620,0,,,,988.6,tcp
1786883487.611,0,,,,983.8,tcp
1786883488.600,0,,,,983.4,tcp
1786883489.598,0,,,,991.2,tcp
1786883490.687,0,,,,1082.0,tcp
1786883491.684,0,,,,986.9,tcp
1786883492.683,0,,,,993.2,tcp
1786883493.672,0,,,,982.4,tcp
1786883494.630,0,,,,950.8,tcp
1786883495.538,0,,,,901.6,tcp
1786883496.471,0,,,,925.0,tcp
1786883497.397,0,,,,922.2,tcp
1786883498.311,0,,,,908.8,tcp
1786883499.259,0,,,,941.2,tcp
1786883500.224,0,,,,957.8,tcp
1786883501.164,0,,,,930.6,tcp
1786883502.094,0,,,,925.1,tcp
1786883503.056,0,,,,952.7,tcp
1786883503.999,0,,,,936.7,tcp
1786883504.936,0,,,,929.5,tcp
1786883505.873,0,,,,931.0,tcp
1786883506.799,0,,,,919.7,tcp
1786883507.717,0,,,,910.8,tcp
1786883508.633,0,,,,910.4,tcp
1786883509.595,0,,,,955.7,tcp
1786883510.525,0,,,,922.4,tcp
1786883511.458,0,,,,923.6,tcp
1786883512.366,0,,,,902.0,tcp
1786883513.299,0,,,,925.4,tcp
1786883514.209,0,,,,904.3,tcp
1786883515.135,0,,,,919.0,tcp
1786883516.038,0,,,,897.1,tcp
1786883516.946,0,,,,901.8,tcp
1786883517.851,0,,,,897.5,tcp
1786883518.743,0,,,,882.7,tcp
1786883519.616,0,,,,869.2,tcp
1786883520.516,0,,,,892.9,tcp
1786883521.406,0,,,,883.3,tcp
1786883522.288,0,,,,876.4,tcp
1786883523.249,0,,,,954.1,tcp
1786883524.193,0,,,,936.2,tcp
1786883525.082,0,,,,883.2,tcp
1786883525.970,0,,,,878.4,tcp
1786883526.851,0,,,,869.1,tcp
1786883527.779,0,,,,921.8,tcp
1786883528.749,0,,,,960.2,tcp
1786883529.688,0,,,,932.1,tcp
1786883530.602,0,,,,907.1,tcp
1786883531.485,0,,,,876.5,tcp
1786883532.364,0,,,,873.3,tcp
1786883533.271,0,,,,901.0,tcp
1786883534.156,0,,,,878.5,tcp
1786883535.046,0,,,,884.6,tcp
1786883535.944,0,,,,891.1,tcp
1786883536.830,0,,,,880.1,tcp
1786883537.714,0,,,,877.7,tcp
1786883538.599,0,,,,875.9,tcp
1786883539.480,0,,,,874.2,tcp
1786883540.368,0,,,,882.0,tcp
1786883541.294,0,,,,917.4,tcp
1786883542.181,0,,,,880.6,tcp
1786883543.056,0,,,,867.8,tcp
1786883543.926,0,,,,864.5,tcp
1786883544.801,0,,,,869.1,tcp
1786883545.683,0,,,,871.4,tcp
1786883546.549,0,,,,860.1,tcp
1786883547.400,0,,,,845.4,tcp
1786883548.265,0,,,,854.0,tcp
1786883549.124,0,,,,853.7,tcp
1786883550.003,0,,,,872.7,tcp
1786883550.957,0,,,,944.7,tcp
1786883551.830,0,,,,866.0,tcp
1786883552.683,0,,,,846.4,tcp
1786883553.545,0,,,,856.6,tcp
1786883554.403,0,,,,852.1,tcp
1786883555.258,0,,,,844.2,tcp
1786883556.159,0,,,,895.7,tcp
1786883557.015,0,,,,848.4,tcp
1786883557.870,0,,,,850.1,tcp
1786883558.747,0,,,,866.1,tcp
1786883559.601,0,,,,847.4,tcp
1786883560.461,0,,,,853.8,tcp
1786883561.336,0,,,,869.6,tcp
1786883562.202,0,,,,857.4,tcp
1786883563.066,0,,,,858.8,tcp
1786883563.928,0,,,,855.6,tcp
1786883564.882,0,,,,946.7,tcp
1786883565.810,0,,,,922.3,tcp
1786883566.685,0,,,,867.6,tcp
1786883567.534,0,,,,843.7,tcp
1786883568.387,0,,,,845.8,tcp
1786883569.357,0,,,,964.2,tcp
1786883570.223,0,,,,854.1,tcp
1786883571.115,0,,,,880.6,tcp
1786883571.967,0,,,,844.9,tcp
1786883572.811,0,,,,838.2,tcp
1786883573.650,0,,,,832.9,tcp
1786883574.508,0,,,,851.7,tcp
1786883575.365,0,,,,851.5,tcp
1786883576.286,0,,,,914.9,tcp
1786883577.154,0,,,,861.4,tcp
1786883578.015,0,,,,856.0,tcp
1786883578.881,0,,,,859.2,tcp
1786883579.747,0,,,,859.5,tcp
1786883580.608,0,,,,855.6,tcp
1786883581.482,0,,,,867.4,tcp
1786883582.343,0,,,,855.1,tcp
1786883583.237,0,,,,888.6,tcp
1786883584.201,0,,,,954.5,tcp
1786883585.057,0,,,,849.8,tcp
1786883585.929,0,,,,856.7,tcp
1786883586.814,0,,,,875.4,tcp
1786883587.699,0,,,,878.5,tcp
1786883588.603,0,,,,898.1,tcp
1786883589.559,0,,,,949.4,tcp
1786883590.431,0,,,,864.6,tcp
1786883591.338,0,,,,896.7,tcp
1786883592.193,0,,,,848.3,tcp
1786883593.051,0,,,,852.3,tcp
1786883593.912,0,,,,853.5,tcp
1786883594.812,0,,,,894.8,tcp
1786883595.672,0,,,,853.6,tcp
1786883596.549,0,,,,870.9,tcp
1786883597.413,0,,,,853.6,tcp
1786883598.283,0,,,,860.9,tcp
1786883599.142,0,,,,849.8,tcp
1786883600.019,0,,,,870.4,tcp
1786883600.889,0,,,,864.3,tcp
1786883601.763,0,,,,866.9,tcp
1786883602.612,0,,,,843.2,tcp
1786883603.462,0,,,,843.6,tcp
1786883604.315,0,,,,845.9,tcp
1786883605.190,0,,,,870.6,tcp
1786883606.048,0,,,,850.9,tcp
1786883606.931,0,,,,872.7,tcp
1786883607.807,0,,,,870.2,tcp
1786883608.684,0,,,,871.0,tcp
1786883609.608,0,,,,912.6,tcp
1786883610.594,0,,,,980.6,tcp
1786883611.585,0,,,,982.7,tcp
1786883612.537,0,,,,940.4,tcp
1786883613.401,0,,,,857.2,tcp
1786883614.268,0,,,,861.4,tcp
1786883615.174,0,,,,899.5,tcp
1786883616.051,0,,,,869.6,tcp
1786883616.984,0,,,,922.1,tcp
1786883617.864,0,,,,868.1,tcp
1786883618.755,0,,,,885.5,tcp
1786883619.644,0,,,,879.4,tcp
1786883620.546,0,,,,894.6,tcp
1786883621.442,0,,,,889.1,tcp
1786883622.347,0,,,,897.9,tcp
1786883623.223,0,,,,869.9,tcp
1786883624.100,0,,,,871.2,tcp
1786883625.003,0,,,,896.0,tcp
1786883625.890,0,,,,881.6,tcp
1786883626.769,0,,,,872.3,tcp
1786883627.673,0,,,,898.7,tcp
1786883628.565,0,,,,884.6,tcp
1786883629.468,0,,,,897.1,tcp
1786883630.354,0,,,,881.1,tcp
1786883631.261,0,,,,900.4,tcp
1786883632.165,0,,,,898.7,tcp
1786883633.056,0,,,,885.7,tcp
1786883633.974,0,,,,912.3,tcp
1786883634.881,0,,,,901.4,tcp
1786883635.790,0,,,,902.8,tcp
1786883636.697,0,,,,902.1,tcp
1786883637.628,0,,,,924.3,tcp
1786883638.540,0,,,,906.0,tcp
1786883639.465,0,,,,917.0,tcp
1786883640.396,0,,,,924.5,tcp
1786883641.313,0,,,,910.2,tcp
1786883642.236,0,,,,915.9,tcp
1786883643.149,0,,,,906.4,tcp
1786883644.064,0,,,,908.7,tcp
1786883645.007,0,,,,937.0,tcp
1786883645.929,0,,,,916.0,tcp
1786883646.833,0,,,,897.0,tcp
1786883647.771,0,,,,931.8,tcp
1786883648.687,0,,,,907.4,tcp
1786883649.641,0,,,,947.0,tcp
1786883650.668,0,,,,1020.1,tcp
1786883651.644,0,,,,969.3,tcp
1786883652.565,0,,,,914.9,tcp
1786883653.461,0,,,,890.4,tcp
1786883654.359,0,,,,891.0,tcp
1786883655.254,0,,,,887.9,tcp
1786883656.170,0,,,,909.6,tcp
1786883657.064,0,,,,888.0,tcp
1786883657.979,0,,,,909.0,tcp
1786883658.911,0,,,,925.3,tcp
1786883659.850,0,,,,933.2,tcp
1786883660.774,0,,,,917.3,tcp
1786883661.698,0,,,,918.0,tcp
1786883662.620,0,,,,916.4,tcp
1786883663.538,0,,,,912.4,tcp
1786883664.464,0,,,,919.1,tcp
1786883665.398,0,,,,927.4,tcp
1786883666.338,0,,,,933.6,tcp
1786883667.280,0,,,,936.0,tcp
1786883668.246,0,,,,961.0,tcp
1786883669.214,0,,,,961.2,tcp
1786883670.210,0,,,,988.5,tcp
1786883671.201,0,,,,984.7,tcp
1786883672.162,0,,,,954.1,tcp
1786883673.117,0,,,,947.8,tcp
1786883674.058,0,,,,933.1,tcp
1786883675.022,0,,,,958.3,tcp
1786883676.016,0,,,,987.7,tcp
1786883677.006,0,,,,982.8,tcp
1786883677.985,0,,,,973.0,tcp
1786883678.938,0,,,,945.5,tcp
1786883679.870,0,,,,926.9,tcp
1786883680.810,0,,,,932.9,tcp
1786883681.800,0,,,,983.8,tcp
1786883682.760,0,,,,953.7,tcp
1786883683.746,0,,,,980.2,tcp
1786883684.735,0,,,,981.2,tcp
1786883685.697,0,,,,956.0,tcp
1786883686.674,0,,,,970.2,tcp
1786883687.643,0,,,,963.5,tcp
1786883688.628,0,,,,977.0,tcp
1786883689.622,0,,,,988.5,tcp
1786883690.622,0,,,,993.8,tcp
1786883691.734,0,,,,1105.2,tcp
1786883692.744,0,,,,1003.1,tcp
1786883693.754,0,,,,1004.5,tcp
1786883694.830,0,,,,1068.1,tcp
1786883695.846,0,,,,1009.1,tcp
1786883696.909,0,,,,1055.9,tcp
1786883698.122,0,,,,1201.9,tcp
1786883699.166,0,,,,1035.1,tcp
1786883700.184,0,,,,1006.4,tcp
1786883701.222,0,,,,1027.7,tcp
1786883702.305,0,,,,1077.1,tcp
1786883703.374,0,,,,1062.3,tcp
1786883704.400,0,,,,1017.5,tcp
1786883705.481,0,,,,1074.6,tcp
1786883706.732,0,,,,1244.0,tcp
1786883708.016,0,,,,1272.8,tcp
1786883709.263,0,,,,1237.9,tcp
1786883710.481,0,,,,1210.1,tcp
1786883711.603,0,,,,1113.2,tcp
1786883712.645,0,,,,1032.3,tcp
1786883713.681,0,,,,1028.6,tcp
1786883714.737,0,,,,1048.2,tcp
1786883715.810,0,,,,1063.1,tcp
1786883716.971,0,,,,1153.7,tcp
1786883718.069,0,,,,1087.9,tcp
1786883719.308,0,,,,1231.6,tcp
1786883720.500,0,,,,1182.5,tcp
1786883721.557,0,,,,1048.8,tcp
1786883722.660,0,,,,1095.9,tcp
1786883723.750,0,,,,1082.9,tcp
1786883724.844,0,,,,1086.5,tcp
1786883726.064,0,,,,1213.6,tcp
1786883727.310,0,,,,1227.7,tcp
1786883728.537,0,,,,1215.8,tcp
1786883729.784,0,,,,1235.0,tcp
1786883731.368,0,,,,1574.6,tcp
1786883732.671,0,,,,1287.5,tcp
1786883733.893,0,,,,1212.2,tcp
1786883735.116,0,,,,1210.3,tcp
1786883736.243,0,,,,1119.0,tcp
1786883737.277,0,,,,1027.1,tcp
1786883738.325,0,,,,1040.8,tcp
1786883739.475,0,,,,1138.9,tcp
1786883740.574,0,,,,1094.1,tcp
1786883741.765,0,,,,1183.1,tcp
1786883742.981,0,,,,1208.6,tcp
1786883744.121,0,,,,1132.9,tcp
1786883745.303,0,,,,1173.6,tcp
1786883746.483,0,,,,1173.3,tcp
1786883747.682,0,,,,1191.1,tcp
1786883748.848,0,,,,1156.9,tcp
1786883750.071,0,,,,1214.1,tcp
1786883751.295,0,,,,1215.7,tcp
1786883752.516,0,,,,1211.7,tcp
1786883753.766,0,,,,1241.9,tcp
1786883755.596,0,,,,1822.5,tcp
1786883757.117,0,,,,1504.4,tcp
1786883758.389,0,,,,1259.2,tcp
1786883759.622,0,,,,1223.3,tcp
1786883760.853,0,,,,1220.1,tcp
1786883762.079,0,,,,1216.0,tcp
1786883763.362,0,,,,1269.5,tcp
1786883764.605,0,,,,1231.8,tcp
1786883765.842,0,,,,1225.3,tcp
1786883767.083,0,,,,1229.0,tcp
1786883768.341,0,,,,1247.6,tcp
1786883769.630,0,,,,1277.2,tcp
1786883771.095,0,,,,1453.3,tcp
1786883772.714,0,,,,1602.5,tcp
1786883774.110,0,,,,1380.6,tcp
1786883775.402,0,,,,1274.2,tcp
1786883776.840,0,,,,1420.3,tcp
1786883778.137,0,,,,1284.3,tcp
1786883779.413,0,,,,1266.5,tcp
1786883780.731,0,,,,1306.5,tcp
1786883782.038,0,,,,1292.4,tcp
1786883783.342,0,,,,1294.4,tcp
1786883784.694,0,,,,1339.5,tcp
1786883785.998,0,,,,1283.4,tcp
1786883787.283,0,,,,1275.5,tcp
1786883788.579,0,,,,1287.0,tcp
1786883789.895,0,,,,1297.6,tcp
1786883791.200,0,,,,1292.4,tcp
1786883792.591,0,,,,1379.4,tcp
1786883793.935,0,,,,1331.3,tcp
1786883795.233,0,,,,1289.0,tcp
1786883796.649,0,,,,1406.9,tcp
1786883797.953,0,,,,1286.0,tcp
1786883799.284,0,,,,1301.9,tcp
1786883800.595,0,,,,1299.5,tcp
1786883801.958,0,,,,1349.9,tcp
1786883803.303,0,,,,1334.0,tcp
1786883804.637,0,,,,1323.9,tcp
1786883805.971,0,,,,1309.3,tcp
1786883807.379,0,,,,1394.0,tcp
1786883808.726,0,,,,1339.2,tcp
1786883810.085,0,,,,1345.6,tcp
1786883811.445,0,,,,1346.7,tcp
1786883812.775,0,,,,1319.8,tcp
1786883814.107,0,,,,1319.7,tcp
1786883815.451,0,,,,1333.4,tcp
1786883816.770,0,,,,1296.1,tcp
1786883818.145,0,,,,1362.8,tcp
1786883819.492,0,,,,1336.6,tcp
1786883820.835,0,,,,1327.6,tcp
1786883822.171,0,,,,1318.8,tcp
1786883823.539,0,,,,1357.3,tcp
1786883824.958,0,,,,1403.2,tcp
1786883826.365,0,,,,1398.1,tcp
1786883827.845,0,,,,1463.4,tcp
1786883829.570,0,,,,1712.9,tcp
1786883832.270,0,,,,2663.1,tcp
1786883834.679,0,,,,2386.0,tcp
1786883836.474,0,,,,1762.7,tcp
1786883837.901,0,,,,1413.5,tcp
1786883839.341,0,,,,1425.5,tcp
1786883840.750,0,,,,1396.5,tcp
1786883842.176,0,,,,1414.6,tcp
1786883843.563,0,,,,1374.0,tcp
1786883845.017,0,,,,1442.7,tcp
1786883846.435,0,,,,1407.2,tcp
1786883847.812,0,,,,1366.0,tcp
1786883849.273,0,,,,1418.8,tcp
1786883850.737,0,,,,1449.9,tcp
1786883852.357,0,,,,1603.3,tcp
1786883853.902,0,,,,1530.9,tcp
1786883855.460,0,,,,1545.2,tcp
1786883856.919,0,,,,1444.3,tcp
1786883858.429,0,,,,1488.8,tcp
1786883859.926,0,,,,1484.5,tcp
1786883861.361,0,,,,1413.8,tcp
1786883862.744,0,,,,1373.7,tcp
1786883864.149,0,,,,1393.4,tcp
1786883865.583,0,,,,1422.7,tcp
1786883867.002,0,,,,1404.5,tcp
1786883868.454,0,,,,1440.6,tcp
1786883869.958,0,,,,1490.8,tcp
1786883871.404,0,,,,1430.7,tcp
1786883872.868,0,,,,1448.4,tcp
1786883874.327,0,,,,1447.9,tcp
1786883875.810,0,,,,1472.1,tcp
1786883877.338,0,,,,1509.4,tcp
1786883878.841,0,,,,1491.0,tcp
1786883880.355,0,,,,1485.2,tcp
1786883881.849,0,,,,1480.7,tcp
1786883884.050,0,,,,2184.8,tcp
1786883886.897,0,,,,2810.1,tcp
1786883889.904,0,,,,2953.3,tcp
1786883892.747,0,,,,2806.7,tcp
1786883894.995,0,,,,2221.7,tcp
1786883896.588,0,,,,1565.0,tcp
1786883898.151,0,,,,1550.2,tcp
1786883899.750,0,,,,1584.0,tcp
1786883901.370,0,,,,1600.9,tcp
1786883902.974,0,,,,1589.8,tcp
1786883904.722,0,,,,1729.9,tcp
1786883906.406,0,,,,1668.2,tcp
1786883908.038,0,,,,1609.7,tcp
1786883909.860,0,,,,1805.0,tcp
1786883911.610,0,,,,1733.1,tcp
1786883913.434,0,,,,1808.0,tcp
1786883915.675,0,,,,2220.8,tcp
1786883917.592,0,,,,1882.1,tcp
1786883919.219,0,,,,1612.1,tcp
1786883920.879,0,,,,1647.6,tcp
1786883922.501,0,,,,1607.1,tcp
1786883924.088,0,,,,1574.0,tcp
1786883925.710,0,,,,1604.0,tcp
1786883927.424,0,,,,1695.8,tcp
1786883929.228,0,,,,1784.1,tcp
1786883930.914,0,,,,1669.0,tcp
1786883932.542,0,,,,1614.9,tcp
1786883934.197,0,,,,1636.8,tcp
1786883936.038,0,,,,1823.6,tcp
1786883937.757,0,,,,1704.7,tcp
1786883939.640,0,,,,1860.9,tcp
1786883941.703,0,,,,2048.4,tcp
1786883943.588,0,,,,1870.3,tcp
1786883945.230,0,,,,1623.9,tcp
1786883946.857,0,,,,1605.7,tcp
1786883948.429,0,,,,1558.4,tcp
1786883950.188,0,,,,1739.9,tcp
1786883951.880,0,,,,1669.8,tcp
1786883954.062,0,,,,2161.5,tcp
1786883956.493,0,,,,2374.6,tcp
1786883958.398,0,,,,1890.9,tcp
1786883959.977,0,,,,1562.5,tcp
1786883961.701,0,,,,1698.3,tcp
1786883963.408,0,,,,1691.0,tcp
1786883965.138,0,,,,1716.0,tcp
1786883967.205,0,,,,2049.9,tcp
1786883968.925,0,,,,1704.0,tcp
1786883970.677,0,,,,1738.9,tcp
1786883972.357,0,,,,1664.7,tcp
1786883973.962,0,,,,1590.7,tcp
1786883975.580,0,,,,1605.3,tcp
1786883977.168,0,,,,1571.4,tcp
1786883979.016,0,,,,1831.7,tcp
1786883980.684,0,,,,1632.0,tcp
1786883982.398,0,,,,1692.3,tcp
1786883984.196,0,,,,1780.2,tcp
1786883985.849,0,,,,1634.0,tcp
1786883987.505,0,,,,1636.7,tcp
1786883989.180,0,,,,1657.5,tcp
1786883991.022,0,,,,1824.2,tcp
1786883992.739,0,,,,1700.3,tcp
1786883994.420,0,,,,1666.9,tcp
1786883996.150,0,,,,1713.1,tcp
1786883997.845,0,,,,1667.4,tcp
1786883999.494,0,,,,1624.5,tcp
1786884001.094,0,,,,1589.8,tcp
1786884002.731,0,,,,1624.6,tcp
1786884004.334,0,,,,1589.9,tcp
1786884005.844,0,,,,1496.4,tcp
1786884007.456,0,,,,1598.7,tcp
1786884009.249,0,,,,1769.9,tcp
1786884010.928,0,,,,1649.6,tcp
1786884013.591,0,,,,2646.0,tcp
1786884016.345,0,,,,2728.9,tcp
1786884018.558,0,,,,2189.9,tcp
1786884020.774,0,,,,2180.2,tcp
1786884022.508,0,,,,1715.1,tcp
1786884024.560,0,,,,2036.6,tcp
1786884026.434,0,,,,1847.9,tcp
1786884028.122,0,,,,1673.6,tcp
1786884029.817,0,,,,1679.1,tcp
1786884031.889,0,,,,2056.4,tcp
1786884033.901,0,,,,1992.6,tcp
1786884035.706,0,,,,1788.8,tcp
1786884037.544,0,,,,1824.8,tcp
1786884042.308,0,,,,4735.5,tcp
1786884044.982,0,,,,2642.8,tcp
1786884047.215,0,,,,2208.1,tcp
1786884049.196,0,,,,1959.2,tcp
1786884050.876,0,,,,1662.4,tcp
1786884052.671,0,,,,1779.9,tcp
1786884054.364,0,,,,1677.4,tcp
1786884056.133,0,,,,1754.2,tcp
1786884058.462,0,,,,2310.4,tcp
1786884062.319,0,,,,3817.1,tcp
1786884064.385,0,,,,2019.0,tcp
1786884066.464,0,,,,2060.0,tcp
1786884068.583,0,,,,2100.5,tcp
1786884070.576,0,,,,1974.1,tcp
1786884072.646,0,,,,2051.6,tcp
1786884074.610,0,,,,1946.8,tcp
1786884076.564,0,,,,1939.1,tcp
1786884078.602,0,,,,2016.6,tcp
1786884080.873,0,,,,2211.2,tcp
1786884082.833,0,,,,1943.7,tcp
1786884084.552,0,,,,1690.9,tcp
1786884086.430,0,,,,1855.5,tcp
1786884088.283,0,,,,1839.0,tcp
1786884090.191,0,,,,1896.0,tcp
1786884091.997,0,,,,1785.7,tcp
1786884093.738,0,,,,1712.7,tcp
1786884095.678,0,,,,1927.5,tcp
1786884097.337,0,,,,1644.0,tcp
1786884099.024,0,,,,1671.7,tcp
1786884100.704,0,,,,1662.4,tcp
1786884102.398,0,,,,1681.2,tcp
1786884104.137,0,,,,1723.7,tcp
1786884105.899,0,,,,1746.7,tcp
1786884107.768,0,,,,1854.4,tcp
1786884109.605,0,,,,1823.7,tcp
1786884111.420,0,,,,1799.8,tcp
1786884113.219,0,,,,1775.1,tcp
1786884115.027,0,,,,1778.2,tcp
1786884116.799,0,,,,1755.7,tcp
1786884118.501,0,,,,1671.4,tcp
1786884120.273,0,,,,1758.4,tcp
1786884122.568,0,,,,2280.9,tcp
1786884124.280,0,,,,1694.5,tcp
1786884126.361,0,,,,2058.7,tcp
1786884128.234,0,,,,1839.6,tcp
1786884129.915,0,,,,1666.4,tcp
1786884131.532,0,,,,1600.9,tcp
1786884133.161,0,,,,1586.5,tcp
1786884134.850,0,,,,1674.1,tcp
1786884136.458,0,,,,1592.2,tcp
1786884138.139,0,,,,1662.3,tcp
1786884139.857,0,,,,1702.0,tcp
1786884141.541,0,,,,1668.4,tcp
1786884143.278,0,,,,1700.9,tcp
1786884145.000,0,,,,1709.3,tcp
1786884146.682,0,,,,1667.2,tcp
1786884148.309,0,,,,1611.4,tcp
1786884149.947,0,,,,1614.4,tcp
1786884151.618,0,,,,1655.0,tcp
1786884153.147,0,,,,1516.2,tcp
1786884154.707,0,,,,1544.9,tcp
1786884156.539,0,,,,1813.4,tcp
1786884158.166,0,,,,1591.1,tcp
1786884159.689,0,,,,1508.2,tcp
1786884161.227,0,,,,1525.7,tcp
1786884162.691,0,,,,1448.3,tcp
1786884164.205,0,,,,1498.8,tcp
1786884165.971,0,,,,1749.1,tcp
1786884167.612,0,,,,1621.7,tcp
1786884169.378,0,,,,1752.6,tcp
1786884171.027,0,,,,1633.4,tcp
1786884172.567,0,,,,1524.2,tcp
1786884174.072,0,,,,1486.7,tcp
1786884175.623,0,,,,1511.9,tcp
1786884177.189,0,,,,1554.7,tcp
1786884178.728,0,,,,1526.6,tcp
1786884180.182,0,,,,1435.5,tcp
1786884181.645,0,,,,1450.2,tcp
1786884183.112,0,,,,1455.4,tcp
1786884184.603,0,,,,1476.5,tcp
1786884186.066,0,,,,1450.3,tcp
1786884187.679,0,,,,1597.8,tcp
1786884189.342,0,,,,1651.0,tcp
1786884190.926,0,,,,1572.6,tcp
1786884193.053,0,,,,2114.5,tcp
1786884194.763,0,,,,1681.4,tcp
1786884196.273,0,,,,1494.5,tcp
1786884197.737,0,,,,1451.8,tcp
1786884199.221,0,,,,1466.7,tcp
1786884200.625,0,,,,1392.1,tcp
1786884202.071,0,,,,1430.9,tcp
1786884203.458,0,,,,1374.0,tcp
1786884204.885,0,,,,1411.2,tcp
1786884206.317,0,,,,1393.7,tcp
1786884207.709,0,,,,1376.8,tcp
1786884209.157,0,,,,1436.2,tcp
1786884210.593,0,,,,1421.2,tcp
1786884211.979,0,,,,1371.2,tcp
1786884213.363,0,,,,1370.3,tcp
1786884214.746,0,,,,1371.5,tcp
1786884216.138,0,,,,1378.3,tcp
1786884217.521,0,,,,1368.1,tcp
1786884218.934,0,,,,1399.5,tcp
1786884220.364,0,,,,1419.0,tcp
1786884221.793,0,,,,1417.2,tcp
1786884223.192,0,,,,1383.8,tcp
1786884224.586,0,,,,1380.0,tcp
1786884225.969,0,,,,1369.3,tcp
1786884227.404,0,,,,1423.5,tcp
1786884228.810,0,,,,1393.8,tcp
1786884230.237,0,,,,1415.1,tcp
1786884231.646,0,,,,1392.9,tcp
1786884233.008,0,,,,1350.2,tcp
1786884236.641,0,,,,3620.1,tcp
1786884238.498,0,,,,1834.7,tcp
1786884240.398,0,,,,1875.8,tcp
1786884241.889,0,,,,1471.2,tcp
1786884243.334,0,,,,1428.8,tcp
1786884244.747,0,,,,1400.2,tcp
1786884246.109,0,,,,1346.1,tcp
1786884247.454,0,,,,1329.6,tcp
1786884248.819,0,,,,1354.8,tcp
1786884250.209,0,,,,1378.7,tcp
1786884251.661,0,,,,1437.3,tcp
1786884253.013,0,,,,1341.8,tcp
1786884254.361,0,,,,1336.4,tcp
1786884255.728,0,,,,1351.7,tcp
1786884257.140,0,,,,1398.3,tcp
1786884258.515,0,,,,1364.1,tcp
1786884259.900,0,,,,1368.1,tcp
1786884261.286,0,,,,1375.4,tcp
1786884262.633,0,,,,1321.2,tcp
1786884263.929,0,,,,1285.0,tcp
1786884265.285,0,,,,1345.5,tcp
1786884266.631,0,,,,1334.3,tcp
1786884267.991,0,,,,1343.9,tcp
1786884269.357,0,,,,1354.9,tcp
1786884270.748,0,,,,1374.0,tcp
1786884272.116,0,,,,1357.2,tcp
1786884273.437,0,,,,1309.0,tcp
1786884274.770,0,,,,1319.1,tcp
1786884276.149,0,,,,1366.3,tcp
1786884277.483,0,,,,1319.4,tcp
1786884278.862,0,,,,1366.4,tcp
1786884280.230,0,,,,1350.8,tcp
1786884281.579,0,,,,1331.2,tcp
1786884282.930,0,,,,1340.9,tcp
1786884284.276,0,,,,1336.1,tcp
1786884285.624,0,,,,1329.5,tcp
1786884286.987,0,,,,1351.3,tcp
1786884288.300,0,,,,1302.7,tcp
1786884289.668,0,,,,1351.5,tcp
1786884291.024,0,,,,1343.4,tcp
1786884292.423,0,,,,1381.0,tcp
1786884293.774,0,,,,1335.2,tcp
1786884295.085,0,,,,1298.0,tcp
1786884296.421,0,,,,1323.2,tcp
1786884297.738,0,,,,1300.2,tcp
1786884299.068,0,,,,1314.2,tcp
1786884300.393,0,,,,1312.6,tcp
1786884301.729,0,,,,1326.0,tcp
1786884303.040,0,,,,1300.6,tcp
1786884304.386,0,,,,1328.9,tcp
1786884305.714,0,,,,1317.7,tcp
1786884307.122,0,,,,1383.3,tcp
1786884308.452,0,,,,1317.7,tcp
1786884309.825,0,,,,1357.3,tcp
1786884311.186,0,,,,1347.2,tcp
1786884312.577,0,,,,1374.9,tcp
1786884313.920,0,,,,1331.0,tcp
1786884315.241,0,,,,1310.3,tcp
1786884316.789,0,,,,1536.2,tcp
1786884318.723,0,,,,1915.4,tcp
